PATIENT	MUTECT_VCF	DNA_CRAM	RNA_BAM	RSEM_GENE	RSEM_TX	HLA_ALLELES	RNA_FUSION
Micro-2025-001	/backup/backup_microcrisper_user/Desktop/MCdata/PP_Testing/PCV_Samples/DNA_Seq/PRJEB35473/Patient_1/variant_calling/mutect2/Patient_1/Patient_1.mutect2.filtered.vcf.gz	/backup/backup_microcrisper_user/Desktop/MCdata/PP_Testing/PCV_Samples/DNA_Seq/PRJEB35473/Patient_1/preprocessing/recalibrated/tumor_1/tumor_1.recal.cram	/backup/backup_microcrisper_user/Desktop/MCdata/PP_Testing/PCV_Samples/RNA_Seq/PRJEB35473/star_rsem/Patient_1.markdup.sorted.bam	/backup/backup_microcrisper_user/Desktop/MCdata/PP_Testing/PCV_Samples/RNA_Seq/PRJEB35473/star_rsem/Patient_1.genes.results	/backup/backup_microcrisper_user/Desktop/MCdata/PP_Testing/PCV_Samples/RNA_Seq/PRJEB35473/star_rsem/Patient_1.isoforms.results	HLA-A*01:01,HLA-A*11:01,HLA-B*55:01,HLA-B*57:01,HLA-C*03:03,HLA-C*06:02,DRB1*07:01,DRB1*14:54,DQA1*01:04,DQA1*02:01,DQB1*03:03,DQB1*05:03,DPA1*01:03,DPA1*02:01,DPB1*03:01,DPB1*14:01	/backup/backup_microcrisper_user/Desktop/MCdata/PP_Testing/PCV_Samples/RNA_Fusion/PRJEB35473/arriba/Patient_1.arriba.fusions.tsv
Micro-2025-002	/backup/backup_microcrisper_user/Desktop/MCdata/PP_Testing/PCV_Samples/DNA_Seq/PRJEB35473/variant_calling/mutect2/Patient_2/Patient_2.mutect2.filtered.vcf.gz	/backup/backup_microcrisper_user/Desktop/MCdata/PP_Testing/PCV_Samples/DNA_Seq/PRJEB35473/preprocessing/recalibrated/tumor_2/tumor_2.recal.cram	/backup/backup_microcrisper_user/Desktop/MCdata/PP_Testing/PCV_Samples/RNA_Seq/PRJEB35473/star_rsem/Patient_2.markdup.sorted.bam	/backup/backup_microcrisper_user/Desktop/MCdata/PP_Testing/PCV_Samples/RNA_Seq/PRJEB35473/star_rsem/Patient_2.genes.results	/backup/backup_microcrisper_user/Desktop/MCdata/PP_Testing/PCV_Samples/RNA_Seq/PRJEB35473/star_rsem/Patient_2.isoforms.results	HLA-A*02:01,HLA-A*32:01,HLA-B*40:01,HLA-B*44:02,HLA-C*03:04,HLA-C*05:01,DRB1*04:01,DRB1*04:04,DQA1*03:01,DQA1*03:03,DQB1*03:01,DQB1*03:02,DPA1*01:03,DPB1*04:01,DPB1*06:01	/backup/backup_microcrisper_user/Desktop/MCdata/PP_Testing/PCV_Samples/RNA_Fusion/PRJEB35473/arriba/Patient_2.arriba.fusions.tsv
Micro-2025-003	/backup/backup_microcrisper_user/Desktop/MCdata/PP_Testing/PCV_Samples/DNA_Seq/PRJEB35473/variant_calling/mutect2/Patient_4/Patient_4.mutect2.filtered.vcf.gz	/backup/backup_microcrisper_user/Desktop/MCdata/PP_Testing/PCV_Samples/DNA_Seq/PRJEB35473/preprocessing/recalibrated/tumor_4/tumor_4.recal.cram	/backup/backup_microcrisper_user/Desktop/MCdata/PP_Testing/PCV_Samples/RNA_Seq/PRJEB35473/star_rsem/Patient_4.markdup.sorted.bam	/backup/backup_microcrisper_user/Desktop/MCdata/PP_Testing/PCV_Samples/RNA_Seq/PRJEB35473/star_rsem/Patient_4.genes.results	/backup/backup_microcrisper_user/Desktop/MCdata/PP_Testing/PCV_Samples/RNA_Seq/PRJEB35473/star_rsem/Patient_4.isoforms.results	HLA-A*01:01,HLA-A*02:01,HLA-B*08:01,HLA-B*15:01,HLA-C*03:04,HLA-C*07:01,DRB1*03:01,DRB1*04:01,DQA1*03:01,DQA1*05:01,DQB1*02:01,DQB1*03:02,DPA1*01:03,DPB1*03:01,DPB1*04:01	/backup/backup_microcrisper_user/Desktop/MCdata/PP_Testing/PCV_Samples/RNA_Fusion/PRJEB35473/arriba/Patient_4.arriba.fusions.tsv
Micro-2025-004	/backup/backup_microcrisper_user/Desktop/MCdata/PP_Testing/PCV_Samples/DNA_Seq/PRJEB35473/variant_calling/mutect2/Patient_5/Patient_5.mutect2.filtered.vcf.gz	/backup/backup_microcrisper_user/Desktop/MCdata/PP_Testing/PCV_Samples/DNA_Seq/PRJEB35473/preprocessing/recalibrated/tumor_5/tumor_5.recal.cram	/backup/backup_microcrisper_user/Desktop/MCdata/PP_Testing/PCV_Samples/RNA_Seq/PRJEB35473/star_rsem/Patient_5.markdup.sorted.bam	/backup/backup_microcrisper_user/Desktop/MCdata/PP_Testing/PCV_Samples/RNA_Seq/PRJEB35473/star_rsem/Patient_5.genes.results	/backup/backup_microcrisper_user/Desktop/MCdata/PP_Testing/PCV_Samples/RNA_Seq/PRJEB35473/star_rsem/Patient_5.isoforms.results	HLA-A*01:01,HLA-A*02:01,HLA-B*07:02,HLA-C*07:02,DRB1*15:01,DQA1*01:02,DQB1*06:02,DPA1*01:03,DPB1*04:01	/backup/backup_microcrisper_user/Desktop/MCdata/PP_Testing/PCV_Samples/RNA_Fusion/PRJEB35473/arriba/Patient_5.arriba.fusions.tsv
Micro-2025-005	/backup/backup_microcrisper_user/Desktop/MCdata/PP_Testing/PCV_Samples/DNA_Seq/PRJNA298310/Patient_1/variant_calling/mutect2/Patient_1/Patient_1.mutect2.filtered.vcf.gz	/backup/backup_microcrisper_user/Desktop/MCdata/PP_Testing/PCV_Samples/DNA_Seq/PRJNA298310/Patient_1/preprocessing/recalibrated/tumor_1/tumor_1.recal.cram	/backup/backup_microcrisper_user/Desktop/MCdata/PP_Testing/PCV_Samples/RNA_Seq/PRJNA298310/Patient_1/star_rsem/Patient_1.markdup.sorted.bam	/backup/backup_microcrisper_user/Desktop/MCdata/PP_Testing/PCV_Samples/RNA_Seq/PRJNA298310/Patient_1/star_rsem/Patient_1.genes.results	/backup/backup_microcrisper_user/Desktop/MCdata/PP_Testing/PCV_Samples/RNA_Seq/PRJNA298310/Patient_1/star_rsem/Patient_1.isoforms.results	HLA-A*01:01,HLA-A*03:01,HLA-B*07:02,HLA-C*07:02,DRB1*01:01,DRB1*07:01,DQA1*01:01,DQA1*02:01,DQB1*02:02,DQB1*05:01,DPA1*01:03,DPA1*02:01,DPB1*04:02,DPB1*11:01	/backup/backup_microcrisper_user/Desktop/MCdata/PP_Testing/PCV_Samples/RNA_Fusion/PRJNA298310/Patient_1/arriba/Patient_1.arriba.fusions.tsv
Micro-2025-006	/backup/backup_microcrisper_user/Desktop/MCdata/PP_Testing/PCV_Samples/DNA_Seq/PRJNA298310/Patient_2/variant_calling/mutect2/Patient_2/Patient_2.mutect2.filtered.vcf.gz	/backup/backup_microcrisper_user/Desktop/MCdata/PP_Testing/PCV_Samples/DNA_Seq/PRJNA298310/Patient_2/preprocessing/recalibrated/tumor_2/tumor_2.recal.cram	/backup/backup_microcrisper_user/Desktop/MCdata/PP_Testing/PCV_Samples/RNA_Seq/PRJNA298310/Patient_2/star_rsem/Patient_2.markdup.sorted.bam	/backup/backup_microcrisper_user/Desktop/MCdata/PP_Testing/PCV_Samples/RNA_Seq/PRJNA298310/Patient_2/star_rsem/Patient_2.genes.results	/backup/backup_microcrisper_user/Desktop/MCdata/PP_Testing/PCV_Samples/RNA_Seq/PRJNA298310/Patient_2/star_rsem/Patient_2.isoforms.results	HLA-A*02:01,HLA-A*24:02,HLA-B*27:02,HLA-B*38:01,HLA-C*02:02,HLA-C*12:03,DRB1*07:01,DRB1*16:01,DQA1*01:02,DQA1*02:01,DQB1*02:02,DQB1*05:02,DPA1*01:03,DPB1*04:01,DPB1*04:02	/backup/backup_microcrisper_user/Desktop/MCdata/PP_Testing/PCV_Samples/RNA_Fusion/PRJNA298310/Patient_2/arriba/Patient_2.arriba.fusions.tsv
Micro-2025-007	/backup/backup_microcrisper_user/Desktop/MCdata/PP_Testing/PCV_Samples/DNA_Seq/PRJNA298310/Patient_3/variant_calling/mutect2/Patient_3/Patient_3.mutect2.filtered.vcf.gz	/backup/backup_microcrisper_user/Desktop/MCdata/PP_Testing/PCV_Samples/DNA_Seq/PRJNA298310/Patient_3/preprocessing/recalibrated/tumor_3/tumor_3.recal.cram	/backup/backup_microcrisper_user/Desktop/MCdata/PP_Testing/PCV_Samples/RNA_Seq/PRJNA298310/Patient_3/star_rsem/Patient_3.markdup.sorted.bam	/backup/backup_microcrisper_user/Desktop/MCdata/PP_Testing/PCV_Samples/RNA_Seq/PRJNA298310/Patient_3/star_rsem/Patient_3.genes.results	/backup/backup_microcrisper_user/Desktop/MCdata/PP_Testing/PCV_Samples/RNA_Seq/PRJNA298310/Patient_3/star_rsem/Patient_3.isoforms.results	HLA-A*01:01,HLA-A*30:02,HLA-B*15:01,HLA-B*18:01,HLA-C*03:03,HLA-C*05:01,DRB1*01:01,DRB1*03:01,DQA1*01:01,DQA1*05:01,DQB1*02:01,DQB1*05:01,DPA1*01:03,DPB1*04:02,DPB1*104:01	/backup/backup_microcrisper_user/Desktop/MCdata/PP_Testing/PCV_Samples/RNA_Fusion/PRJNA298310/Patient_3/arriba/Patient_3.arriba.fusions.tsv
Micro-2025-008	/backup/backup_microcrisper_user/Desktop/MCdata/PP_Testing/PCV_Samples/DNA_Seq/PRJNA298310/Patient_4Aa/variant_calling/mutect2/Patient_4Aa/Patient_4Aa.mutect2.filtered.vcf.gz	/backup/backup_microcrisper_user/Desktop/MCdata/PP_Testing/PCV_Samples/DNA_Seq/PRJNA298310/Patient_4Aa/preprocessing/recalibrated/tumor_Aa/tumor_Aa.recal.cram	/backup/backup_microcrisper_user/Desktop/MCdata/PP_Testing/PCV_Samples/RNA_Seq/PRJNA298310/Patient_4/star_rsem/Patient_1.markdup.sorted.bam	/backup/backup_microcrisper_user/Desktop/MCdata/PP_Testing/PCV_Samples/RNA_Seq/PRJNA298310/Patient_4/star_rsem/Patient_1.genes.results	/backup/backup_microcrisper_user/Desktop/MCdata/PP_Testing/PCV_Samples/RNA_Seq/PRJNA298310/Patient_4/star_rsem/Patient_1.isoforms.results	HLA-A*01:01,HLA-A*02:01,HLA-B*08:01,HLA-B*13:02,HLA-C*06:02,HLA-C*07:01,DRB1*03:01,DRB1*07:01,DQA1*02:01,DQA1*05:01,DQB1*02:01,DQB1*02:02,DPA1*01:03,DPA1*02:01,DPB1*01:01,DPB1*02:01	/backup/backup_microcrisper_user/Desktop/MCdata/PP_Testing/PCV_Samples/RNA_Fusion/PRJNA298310/Patient_4/arriba/Patient_1.arriba.fusions.tsv
Micro-2025-009	/backup/backup_microcrisper_user/Desktop/MCdata/PP_Testing/PCV_Samples/DNA_Seq/PRJNA298310/Patient_4c/variant_calling/mutect2/Patient_4c/Patient_4c.mutect2.filtered.vcf.gz	/backup/backup_microcrisper_user/Desktop/MCdata/PP_Testing/PCV_Samples/DNA_Seq/PRJNA298310/Patient_4c/preprocessing/recalibrated/tumor_c/tumor_c.recal.cram	/backup/backup_microcrisper_user/Desktop/MCdata/PP_Testing/PCV_Samples/RNA_Seq/Micro-2025-011/star_rsem/Micro-2025-011.markdup.sorted.bam	/backup/backup_microcrisper_user/Desktop/MCdata/PP_Testing/PCV_Samples/RNA_Seq/Micro-2025-011/star_rsem/Micro-2025-011.genes.results	/backup/backup_microcrisper_user/Desktop/MCdata/PP_Testing/PCV_Samples/RNA_Seq/Micro-2025-011/star_rsem/Micro-2025-011.isoforms.results	HLA-A*01:01,HLA-A*02:01,HLA-B*08:01,HLA-B*13:02,HLA-C*06:02,HLA-C*07:01,DRB1*03:01,DRB1*07:01,DQA1*02:01,DQA1*05:01,DQB1*02:01,DQB1*02:02,DPA1*01:03,DPA1*02:01,DPB1*01:01,DPB1*02:01	/backup/backup_microcrisper_user/Desktop/MCdata/PP_Testing/PCV_Samples/RNA_Fusion/PRJNA298310/Patient_4/arriba/Patient_1.arriba.fusions.tsv
Micro-2025-011	/backup/backup_microcrisper_user/Desktop/MCdata/PP_Testing/PCV_Samples/DNA_Seq/Micro-2025-011/variant_calling/mutect2/tumor_vs_normal/tumor_vs_normal.mutect2.filtered.vcf.gz	/backup/backup_microcrisper_user/Desktop/MCdata/PP_Testing/PCV_Samples/DNA_Seq/Micro-2025-011/preprocessing/recalibrated/tumor/tumor.recal.cram	/backup/backup_microcrisper_user/Desktop/MCdata/PP_Testing/PCV_Samples/RNA_Seq/Micro-2025-012/star_rsem/Micro-2025-012.markdup.sorted.bam	/backup/backup_microcrisper_user/Desktop/MCdata/PP_Testing/PCV_Samples/RNA_Seq/Micro-2025-012/star_rsem/Micro-2025-012.genes.results	/backup/backup_microcrisper_user/Desktop/MCdata/PP_Testing/PCV_Samples/RNA_Seq/Micro-2025-012/star_rsem/Micro-2025-012.isoforms.results	HLA-A*03:01,HLA-A*03:106,HLA-B*07:02,HLA-C*07:02,HLA-C*07:17,DRB1*15:01,DQA1*01:02,DQB1*06:02,DQB1*06:47,DPA1*01:03,DPA1*01:05,DPB1*04:01	/backup/backup_microcrisper_user/Desktop/MCdata/PP_Testing/PCV_Samples/RNA_Fusion/Micro-2025-011/arriba/Micro-2025-011.arriba.fusions.tsv
Micro-2025-012	/backup/backup_microcrisper_user/Desktop/MCdata/PP_Testing/PCV_Samples/DNA_Seq/Micro-2025-012/variant_calling/mutect2/tumor_vs_normal/tumor_vs_normal.mutect2.filtered.vcf.gz	/backup/backup_microcrisper_user/Desktop/MCdata/PP_Testing/PCV_Samples/DNA_Seq/Micro-2025-012/preprocessing/recalibrated/tumor/tumor.recal.cram	/backup/backup_microcrisper_user/Desktop/MCdata/PP_Testing/PCV_Samples/RNA_Seq/Micro-2025-012/star_rsem/Micro-2025-012.markdup.sorted.bam	/backup/backup_microcrisper_user/Desktop/MCdata/PP_Testing/PCV_Samples/RNA_Seq/Micro-2025-012/star_rsem/Micro-2025-012.genes.results	/backup/backup_microcrisper_user/Desktop/MCdata/PP_Testing/PCV_Samples/RNA_Seq/Micro-2025-012/star_rsem/Micro-2025-012.isoforms.results	HLA-A*32:01,HLA-A*30:02,HLA-B*14:01,HLA-B*18:01,HLA-C*05:01,HLA-C*08:34,DRB1*07:01,DRB1*03:01,DQA1*02:01,DQA1*05:01,DQB1*02:01,DQB1*02:01,DPA1*01:03,DPA1*01:05,DPB1*02:02,DPB1*75:01	/backup/backup_microcrisper_user/Desktop/MCdata/PP_Testing/PCV_Samples/RNA_Fusion/Micro-2025-012/arriba/Micro-2025-012.arriba.fusions.tsv
Micro-2025-013	/backup/backup_microcrisper_user/Desktop/MCdata/PP_Testing/PCV_Samples/DNA_Seq/Micro-2025-013/variant_calling/mutect2/Micro-2025-013/Micro-2025-013.mutect2.filtered.vcf.gz	/backup/backup_microcrisper_user/Desktop/MCdata/PP_Testing/PCV_Samples/DNA_Seq/Micro-2025-013/preprocessing/recalibrated/tumor/tumor.recal.cram	/backup/backup_microcrisper_user/Desktop/MCdata/PP_Testing/PCV_Samples/RNA_Seq/Micro-2025-013/star_rsem/Micro-2025-013.markdup.sorted.bam	/backup/backup_microcrisper_user/Desktop/MCdata/PP_Testing/PCV_Samples/RNA_Seq/Micro-2025-013/star_rsem/Micro-2025-013.genes.results	/backup/backup_microcrisper_user/Desktop/MCdata/PP_Testing/PCV_Samples/RNA_Seq/Micro-2025-013/star_rsem/Micro-2025-013.isoforms.results	HLA-A*03:01,HLA-A*02:338,HLA-B*13:02,HLA-B*15:01,HLA-C*05:96,HLA-C*06:02,DRB1*04:01,DRB1*14:54,DQA1*01:04,DQA1*03:01,DQB1*05:03,DQB1*03:02,DPA1*01:03,DPA1*01:03,DPB1*33:01,DPB1*08:01	/backup/backup_microcrisper_user/Desktop/MCdata/PP_Testing/PCV_Samples/RNA_Fusion/Micro-2025-013/arriba/Micro-2025-013.arriba.fusions.tsv
Micro-2025-014	/backup/backup_microcrisper_user/Desktop/MCdata/PP_Testing/PCV_Samples/DNA_Seq/Micro-2025-014/variant_calling/mutect2/Micro-2025-014/Micro-2025-014.mutect2.filtered.vcf.gz	/backup/backup_microcrisper_user/Desktop/MCdata/PP_Testing/PCV_Samples/DNA_Seq/Micro-2025-014/preprocessing/recalibrated/tumor/tumor.recal.cram	/backup/backup_microcrisper_user/Desktop/MCdata/PP_Testing/PCV_Samples/RNA_Seq/Micro-2025-014/star_rsem/Micro-2025-014.markdup.sorted.bam	/backup/backup_microcrisper_user/Desktop/MCdata/PP_Testing/PCV_Samples/RNA_Seq/Micro-2025-014/star_rsem/Micro-2025-014.genes.results	/backup/backup_microcrisper_user/Desktop/MCdata/PP_Testing/PCV_Samples/RNA_Seq/Micro-2025-014/star_rsem/Micro-2025-014.isoforms.results	HLA-A*11:01,HLA-A*26:01,HLA-B*38:01,HLA-B*52:01,HLA-C*12:02,HLA-C*12:03,DRB1*04:02,DRB1*15:02,DQA1*03:01,DQA1*01:03,DQB1*06:01,DQB1*03:02,DPA1*01:03,DPA1*02:01,DPB1*04:01,DPB1*17:01	/backup/backup_microcrisper_user/Desktop/MCdata/PP_Testing/PCV_Samples/RNA_Fusion/Micro-2025-014/arriba/Micro-2025-014.arriba.fusions.tsv
Micro-2025-015	/backup/backup_microcrisper_user/Desktop/MCdata/PP_Testing/PCV_Samples/DNA_Seq/Micro-2025-015/variant_calling/mutect2/Micro-2025-015/Micro-2025-015.mutect2.filtered.vcf.gz	/backup/backup_microcrisper_user/Desktop/MCdata/PP_Testing/PCV_Samples/DNA_Seq/Micro-2025-015/preprocessing/tumor_1/tumor_1.recal.cram	/backup/backup_microcrisper_user/Desktop/MCdata/PP_Testing/PCV_Samples/RNA_Seq/Micro-2025-015/Micro-2025-015.markdup.sorted.bam	/backup/backup_microcrisper_user/Desktop/MCdata/PP_Testing/PCV_Samples/RNA_Seq/Micro-2025-015/Micro-2025-015.genes.results	/backup/backup_microcrisper_user/Desktop/MCdata/PP_Testing/PCV_Samples/RNA_Seq/Micro-2025-015/Micro-2025-015.isoforms.results	HLA-A*68:01,HLA-B*35:03,HLA-B*07:02,HLA-C*07:02,HLA-C*12:03,DRB1*13:01,DRB1*07:01,DQA1*01:03,DQA1*02:01,DQB1*06:03,DQB1*02:02,DPA1*01:05,DPA1*01:11,DPB1*13:01,DPB1*04:01	/backup/backup_microcrisper_user/Desktop/MCdata/PP_Testing/PCV_Samples/RNA_Fusion/Micro-2025-015/arriba/Micro-2025-015.arriba.fusions.tsv
Micro-2025-016	/backup/backup_microcrisper_user/Desktop/MCdata/PP_Testing/PCV_Samples/DNA_Seq/Micro-2025-016/variant_calling/mutect2/Micro-2025-016/Micro-2025-016.mutect2.filtered.vcf.gz	/backup/backup_microcrisper_user/Desktop/MCdata/PP_Testing/PCV_Samples/DNA_Seq/Micro-2025-016/preprocessing/tumor_2/tumor_2.recal.cram	/backup/backup_microcrisper_user/Desktop/MCdata/PP_Testing/PCV_Samples/RNA_Seq/Micro-2025-016/Micro-2025-016.markdup.sorted.bam	/backup/backup_microcrisper_user/Desktop/MCdata/PP_Testing/PCV_Samples/RNA_Seq/Micro-2025-016/Micro-2025-016.genes.results	/backup/backup_microcrisper_user/Desktop/MCdata/PP_Testing/PCV_Samples/RNA_Seq/Micro-2025-016/Micro-2025-016.isoforms.results	HLA-A*29:02,HLA-B*14:02,HLA-B*44:03,HLA-C*08:02,HLA-C*16:01,DRB1*07:01,DQA1*02:01,DQB1*02:01,DQB1*02:02,DPA1*02:01,DPA1*02:02,DPB1*17:01,DPB1*05:01	/backup/backup_microcrisper_user/Desktop/MCdata/PP_Testing/PCV_Samples/RNA_Fusion/Micro-2025-016/arriba/Micro-2025-016.arriba.fusions.tsv
Micro-2025-017	/backup/backup_microcrisper_user/Desktop/MCdata/PP_Testing/PCV_Samples/DNA_Seq/Micro-2025-017/variant_calling/mutect2/Micro-2025-017/Micro-2025-017.mutect2.filtered.vcf.gz	/backup/backup_microcrisper_user/Desktop/MCdata/PP_Testing/PCV_Samples/DNA_Seq/Micro-2025-017/preprocessing/tumor_3/tumor_3.recal.cram	/backup/backup_microcrisper_user/Desktop/MCdata/PP_Testing/PCV_Samples/RNA_Seq/Micro-2025-017/Micro-2025-017.markdup.sorted.bam	/backup/backup_microcrisper_user/Desktop/MCdata/PP_Testing/PCV_Samples/RNA_Seq/Micro-2025-017/Micro-2025-017.genes.results	/backup/backup_microcrisper_user/Desktop/MCdata/PP_Testing/PCV_Samples/RNA_Seq/Micro-2025-017/Micro-2025-017.isoforms.results	HLA-A*25:01,HLA-A*02:01,HLA-B*18:26,HLA-B*40:01,HLA-C*03:04,HLA-C*12:03,DRB1*15:02,DRB1*15:01,DQA1*01:03,DQA1*01:02,DQB1*06:02,DQB1*06:01,DPA1*01:03,DPA1*02:01,DPB1*04:01,DPB1*13:01	/backup/backup_microcrisper_user/Desktop/MCdata/PP_Testing/PCV_Samples/RNA_Fusion/Micro-2025-017/arriba/Micro-2025-017.arriba.fusions.tsv
